model,accuracy,f1_macro,f1_weighted,precision_macro,recall_macro
RF (balanced),0.6177220387701678,0.42232380919899387,0.606437169960608,0.5427107894570619,0.45603043179855884
XGBoost (balanced),0.493524047427584,0.36222008392986355,0.5267766496239544,0.46598155585722695,0.38962505199763137
