model,accuracy,f1_macro,f1_weighted,precision_macro,recall_macro
Random Forest,0.5878031949173325,0.2509232058232073,0.5392863923127529,0.3662911385280915,0.2660069124635406
XGBoost,0.6652579830159517,0.32114875539579935,0.6344401872120083,0.443823184224334,0.353187838758808
